Variable,X,Y
V1,-0.401793,-0.193564
V2,-3.20811,-0.0229116
V3,-0.103916,0.247953
V4,-0.39319,0.181404
V5,-0.371684,0.180843
Vector,X,Y
V1,0.333305,0.302234
V2,0.298059,-0.01026
V3,0.323457,-0.0930304
V4,-0.102625,0.426896
V5,-0.102625,0.426896
